time,open,high,low,close,volume
time,open,high,low,close,volume
2026-08-03T13:30:00Z,461.7900085449219,468.2499084472656,455.29998779296875,462.0350036621094,3723354
2026-08-03T13:45:00Z,462.0299987792969,471.0400085449219,457.3999938964844,470.7663879394531,1394094
2026-08-03T14:00:00Z,470.6400146484375,472.6199951171875,465.489990234375,468.80499267578125,1184728
2026-08-03T14:15:00Z,468.7449951171875,477.1099853515625,467.42010498046875,476.989990234375,1101941
2026-08-03T14:30:00Z,477.0000915527344,481.7398986816406,475.18499755859375,478.3699951171875,1001518
2026-08-03T14:45:00Z,478.43499755859375,486.8500061035156,477.20001220703125,486.1400146484375,1014715
2026-08-03T15:00:00Z,486.1600036621094,486.1600036621094,479.5,480.17779541015625,743142
2026-08-03T15:15:00Z,480.07501220703125,483.04998779296875,477.3299865722656,477.7200012207031,665913
2026-08-03T15:30:00Z,477.8450012207031,480.6499938964844,477.1600036621094,479.6050109863281,594790
2026-08-03T15:45:00Z,479.55999755859375,481.19989013671875,478.5201110839844,480.1499938964844,366526
2026-08-03T16:00:00Z,479.94500732421875,482.3900146484375,479.7799987792969,480.7200012207031,429061
2026-08-03T16:15:00Z,480.489990234375,482.9599914550781,480.489990234375,481.67498779296875,448339
2026-08-03T16:30:00Z,481.7799987792969,482.6300048828125,479.30999755859375,480.5,530581
2026-08-03T16:45:00Z,480.701904296875,482.1400146484375,479.8399963378906,480.20001220703125,300799
2026-08-03T17:00:00Z,480.17999267578125,482.6499938964844,479.5,481.8900146484375,370164
2026-08-03T17:15:00Z,481.875,482.7349853515625,481.4100036621094,482.4901123046875,267527
2026-08-03T17:30:00Z,482.84869384765625,486.3211975097656,482.6000061035156,485.55999755859375,582923
2026-08-03T17:45:00Z,485.69500732421875,489.2799987792969,485.34051513671875,489.2300109863281,744105
2026-08-03T18:00:00Z,489.1449890136719,490.9464111328125,488.150390625,488.489990234375,626725
2026-08-03T18:15:00Z,488.6099853515625,489.4700012207031,485.0,485.0899963378906,457936
2026-08-03T18:30:00Z,485.1700134277344,486.5,484.1000061035156,485.2650146484375,484144
2026-08-03T18:45:00Z,485.2650146484375,486.54998779296875,484.0899963378906,484.18499755859375,566021
2026-08-03T19:00:00Z,484.1000061035156,486.5,484.010009765625,484.3500061035156,411588
2026-08-03T19:15:00Z,484.4364929199219,485.8599853515625,484.2300109863281,484.3900146484375,317934
2026-08-03T19:30:00Z,484.4100036621094,485.4999084472656,483.989990234375,485.1000061035156,478000
2026-08-03T19:45:00Z,485.1099853515625,487.1650085449219,483.2099914550781,484.7300109863281,2665186
2026-08-04T13:30:00Z,508.12200927734375,516.6898803710938,504.8699951171875,511.8550109863281,4658599
2026-08-04T13:45:00Z,511.75579833984375,515.1500244140625,507.7200012207031,511.0950012207031,2096125
2026-08-04T14:00:00Z,511.1099853515625,517.8198852539062,509.0899963378906,515.5,1892507
2026-08-04T14:15:00Z,515.5250244140625,517.52001953125,512.3104858398438,517.4849853515625,1324813
2026-08-04T14:30:00Z,517.4199829101562,517.7589721679688,515.0,516.3599853515625,1088044
2026-08-04T14:45:00Z,516.1500244140625,518.4199829101562,514.6300048828125,516.4202270507812,1198438
2026-08-04T15:00:00Z,516.6699829101562,519.9500122070312,516.510009765625,519.6849975585938,1159765
2026-08-04T15:15:00Z,519.52001953125,521.6900024414062,518.47998046875,519.3300170898438,1083942
2026-08-04T15:30:00Z,519.27001953125,520.8699951171875,518.510009765625,520.6602172851562,752690
2026-08-04T15:45:00Z,520.7150268554688,522.6699829101562,520.0599975585938,522.5250244140625,993438
2026-08-04T16:00:00Z,522.4600830078125,524.8499755859375,521.0599975585938,521.7650146484375,1199870
2026-08-04T16:15:00Z,521.8292236328125,524.9000244140625,521.3200073242188,524.3250122070312,693737
2026-08-04T16:30:00Z,524.3350219726562,525.3399047851562,523.239990234375,524.0,924575
2026-08-04T16:45:00Z,524.030029296875,524.8798828125,523.5410766601562,524.030029296875,579713
2026-08-04T17:00:00Z,524.0,526.4099731445312,523.6107788085938,525.760009765625,843313
2026-08-04T17:15:00Z,526.0399780273438,526.6599731445312,524.739990234375,525.77001953125,641626
2026-08-04T17:30:00Z,525.7999877929688,528.3300170898438,524.989990234375,527.7999877929688,767946
2026-08-04T17:45:00Z,527.9000244140625,530.1300048828125,525.8099975585938,526.0449829101562,1152252
2026-08-04T18:00:00Z,526.0250244140625,527.3400268554688,525.219970703125,527.1400146484375,683332
2026-08-04T18:15:00Z,527.2249755859375,528.489990234375,526.77001953125,527.22998046875,617956
2026-08-04T18:30:00Z,527.1849975585938,527.8699951171875,525.5820922851562,526.3599853515625,634396
2026-08-04T18:45:00Z,526.3521118164062,528.9000244140625,526.3521118164062,528.6400146484375,753723
2026-08-04T19:00:00Z,528.7000122070312,529.869873046875,527.3400268554688,527.6843872070312,1044240
2026-08-04T19:15:00Z,527.760009765625,528.510009765625,525.6099853515625,526.8800048828125,1090536
2026-08-04T19:30:00Z,526.719970703125,527.9600219726562,526.47998046875,527.5499877929688,1128154
2026-08-04T19:45:00Z,527.5999755859375,528.594970703125,518.5999755859375,526.0,3664706
2026-08-05T13:30:00Z,484.4949951171875,498.3900146484375,480.44000244140625,493.5899963378906,11680675
2026-08-05T13:45:00Z,493.2489929199219,502.0,489.5,494.2539978027344,4504310
2026-08-05T14:00:00Z,494.2200012207031,494.2200012207031,485.79998779296875,488.35919189453125,2976978
2026-08-05T14:15:00Z,488.2799987792969,490.6700134277344,484.7138977050781,486.79998779296875,2147098
2026-08-05T14:30:00Z,486.7200012207031,486.739990234375,480.79998779296875,481.4750061035156,2100308
2026-08-05T14:45:00Z,481.3299865722656,483.8599853515625,478.20001220703125,480.75,1853153
2026-08-05T15:00:00Z,480.8299865722656,485.69268798828125,479.78009033203125,482.1700134277344,1497190
2026-08-05T15:15:00Z,482.1700134277344,484.4700012207031,479.9075927734375,484.4549865722656,1108911
2026-08-05T15:30:00Z,484.4649963378906,486.989990234375,483.5982971191406,485.885009765625,1259546
2026-08-05T15:45:00Z,485.8399963378906,486.04998779296875,482.3999938964844,483.80499267578125,861177
2026-08-05T16:00:00Z,483.75,487.69989013671875,483.70001220703125,487.6600036621094,905710
2026-08-05T16:15:00Z,487.67498779296875,491.739990234375,486.6199951171875,491.3398132324219,1249971
2026-08-05T16:30:00Z,491.2449951171875,491.5400085449219,486.7250061035156,487.3399963378906,833035
2026-08-05T16:45:00Z,487.2650146484375,489.8599853515625,486.7500915527344,489.2196044921875,633097
2026-08-05T17:00:00Z,489.2200012207031,489.5,485.652099609375,486.1549987792969,658100
2026-08-05T17:15:00Z,486.2499084472656,487.4949951171875,485.3299865722656,486.2300109863281,496908
2026-08-05T17:30:00Z,486.1199951171875,486.8800048828125,485.44000244140625,485.9800109863281,487903
2026-08-05T17:45:00Z,485.7699890136719,487.9700012207031,484.7099914550781,487.32000732421875,665662
2026-08-05T18:00:00Z,487.3999938964844,487.70001220703125,486.0,486.00201416015625,566306
2026-08-05T18:15:00Z,486.0950012207031,488.6099853515625,485.8800048828125,488.3450012207031,530815
2026-08-05T18:30:00Z,488.29998779296875,488.29998779296875,486.5,488.0199890136719,580728
2026-08-05T18:45:00Z,488.07000732421875,488.70001220703125,486.6106872558594,486.8399963378906,526551
2026-08-05T19:00:00Z,486.7974853515625,488.75,486.6400146484375,488.7049865722656,697229
2026-08-05T19:15:00Z,488.7200012207031,489.031005859375,485.239990234375,485.25,836246
2026-08-05T19:30:00Z,485.4100036621094,486.3800048828125,482.3999938964844,482.8699951171875,1297152
2026-08-05T19:45:00Z,482.7699890136719,485.8494873046875,480.44000244140625,481.6400146484375,2984777
2026-08-06T13:30:00Z,471.1449890136719,483.75,469.739990234375,479.9800109863281,3561669
2026-08-06T13:45:00Z,479.79998779296875,483.3599853515625,476.8699951171875,482.44500732421875,1346967
2026-08-06T14:00:00Z,482.5150146484375,489.4700012207031,479.82000732421875,488.1050109863281,1503089
2026-08-06T14:15:00Z,488.07000732421875,492.6700134277344,486.69000244140625,487.5692138671875,1585940
2026-08-06T14:30:00Z,487.7749938964844,492.1600036621094,485.6099853515625,486.5,1072075
2026-08-06T14:45:00Z,486.7398986816406,491.9200134277344,484.1565856933594,491.7550048828125,935956
2026-08-06T15:00:00Z,491.9700012207031,495.3598937988281,489.7601013183594,493.80010986328125,1119726
2026-08-06T15:15:00Z,493.79998779296875,494.8299865722656,490.6785888671875,492.0799865722656,592064
2026-08-06T15:30:00Z,492.0249938964844,493.1000061035156,489.010009765625,489.8399963378906,605633
2026-08-06T15:45:00Z,489.7699890136719,493.8800048828125,489.7699890136719,490.4700012207031,539764
2026-08-06T16:00:00Z,490.5790100097656,491.2799072265625,487.6499938964844,488.739990234375,488795
2026-08-06T16:15:00Z,488.8399963378906,489.3800048828125,485.5480041503906,487.07000732421875,475203
2026-08-06T16:30:00Z,486.9200134277344,491.3399963378906,486.79998779296875,489.6400146484375,451204
2026-08-06T16:45:00Z,489.7507019042969,495.7998962402344,489.1499938964844,495.7695007324219,662867
2026-08-06T17:00:00Z,495.8299865722656,496.71990966796875,494.54998779296875,494.7749938964844,773736
2026-08-06T17:15:00Z,494.75,496.20001220703125,493.8299865722656,494.0602111816406,498948
2026-08-06T17:30:00Z,494.0,494.7699890136719,491.8399963378906,492.32000732421875,368738
2026-08-06T17:45:00Z,492.3900146484375,492.81658935546875,491.20001220703125,492.2900085449219,820178
2026-08-06T18:00:00Z,492.3399963378906,492.6700134277344,489.989990234375,491.010009765625,392117
2026-08-06T18:15:00Z,491.1000061035156,495.0,487.0,493.30999755859375,992193
2026-08-06T18:30:00Z,493.1700134277344,493.6300048828125,491.6300048828125,492.8599853515625,282992
2026-08-06T18:45:00Z,492.7799987792969,493.760009765625,492.1400146484375,492.7550048828125,277825
2026-08-06T19:00:00Z,492.7699890136719,496.3999938964844,492.4800109863281,494.260009765625,625776
2026-08-06T19:15:00Z,494.1449890136719,494.70001220703125,491.2699890136719,492.1549987792969,423537
2026-08-06T19:30:00Z,492.17498779296875,493.79998779296875,490.3900146484375,491.9049987792969,425633
2026-08-06T19:45:00Z,492.0400085449219,492.989990234375,488.8299865722656,489.6700134277344,1454725
2026-08-07T13:30:00Z,494.0,495.9800109863281,480.69000244140625,490.125,3750047
2026-08-07T13:45:00Z,489.9700012207031,491.1299133300781,484.6700134277344,486.8700866699219,1601000
2026-08-07T14:00:00Z,487.0,488.54998779296875,479.8399963378906,480.9200134277344,1673636
2026-08-07T14:15:00Z,480.70001220703125,484.8500061035156,478.8299865722656,482.8500061035156,1187762
2026-08-07T14:30:00Z,483.1000061035156,483.1000061035156,476.3399963378906,476.8800048828125,1197921
2026-08-07T14:45:00Z,476.9049987792969,481.2828063964844,476.45050048828125,479.8900146484375,1423661
2026-08-07T15:00:00Z,479.8900146484375,483.5,479.510009765625,481.0450134277344,884104
2026-08-07T15:15:00Z,480.8599853515625,482.57000732421875,478.4800109863281,482.25,840360
2026-08-07T15:30:00Z,482.45001220703125,483.6400146484375,479.8800048828125,480.6400146484375,702190
2026-08-07T15:45:00Z,480.4916076660156,483.29998779296875,479.7699890136719,483.29998779296875,574694
2026-08-07T16:00:00Z,483.3731994628906,485.3399963378906,482.7300109863281,483.25,621514
2026-08-07T16:15:00Z,483.25,484.14990234375,478.2200012207031,478.3550109863281,666432
2026-08-07T16:30:00Z,478.38250732421875,481.1499938964844,476.05999755859375,480.2900085449219,955844
2026-08-07T16:45:00Z,480.3399963378906,481.6400146484375,480.2200012207031,480.7774963378906,377978
2026-08-07T17:00:00Z,480.9150085449219,482.07000732421875,479.82000732421875,480.1000061035156,409012
2026-08-07T17:15:00Z,480.0315856933594,482.239990234375,479.70001220703125,481.44439697265625,351494
2026-08-07T17:30:00Z,481.3599853515625,481.6300048828125,479.4700012207031,481.3699951171875,459584
2026-08-07T17:45:00Z,481.19000244140625,481.55499267578125,480.2134094238281,481.0625,310795
2026-08-07T18:00:00Z,481.1099853515625,482.32000732421875,480.60009765625,481.4100036621094,350165
2026-08-07T18:15:00Z,481.3800048828125,482.22650146484375,478.9151916503906,479.1050109863281,414243
2026-08-07T18:30:00Z,479.131103515625,480.45001220703125,478.2900085449219,478.3399963378906,494449
2026-08-07T18:45:00Z,478.2799987792969,479.0799865722656,477.1600036621094,478.5199890136719,566715
2026-08-07T19:00:00Z,478.7799987792969,481.75,478.6000061035156,480.8299865722656,575100
2026-08-07T19:15:00Z,480.8500061035156,481.75,480.0899963378906,481.1199951171875,556522
2026-08-07T19:30:00Z,481.1300048828125,481.1700134277344,478.0299987792969,479.17010498046875,686627
2026-08-07T19:45:00Z,479.1700134277344,483.7200012207031,479.1600036621094,483.4800109863281,2209032
2026-08-10T13:30:00Z,477.4230041503906,477.885009765625,470.6878967285156,477.09991455078125,3150502
2026-08-10T13:45:00Z,476.7900085449219,479.8900146484375,474.1300048828125,476.2799987792969,1284109
2026-08-10T14:00:00Z,476.1099853515625,483.3599853515625,474.9700012207031,480.42999267578125,1392912
2026-08-10T14:15:00Z,480.4313049316406,481.3605041503906,475.25,476.30999755859375,891590
2026-08-10T14:30:00Z,476.2049865722656,481.760009765625,475.8800048828125,477.760009765625,767529
2026-08-10T14:45:00Z,477.7300109863281,478.489990234375,475.6499938964844,475.8319091796875,564795
2026-08-10T15:00:00Z,476.010009765625,478.67999267578125,475.4800109863281,476.20001220703125,516492
2026-08-10T15:15:00Z,476.231201171875,477.4100036621094,475.29998779296875,475.8450012207031,362911
2026-08-10T15:30:00Z,475.67999267578125,478.1650085449219,474.9800109863281,478.1559143066406,508835
2026-08-10T15:45:00Z,478.1099853515625,479.5,477.30999755859375,478.3399963378906,398372
2026-08-10T16:00:00Z,478.3399963378906,478.8937072753906,476.20001220703125,476.6452941894531,295371
2026-08-10T16:15:00Z,476.639892578125,477.760009765625,476.3299865722656,476.3299865722656,293660
2026-08-10T16:30:00Z,476.3399963378906,476.79010009765625,474.4800109863281,474.67999267578125,531842
2026-08-10T16:45:00Z,474.7200012207031,475.69989013671875,474.5,475.3450012207031,366614
2026-08-10T17:00:00Z,475.28680419921875,476.6000061035156,475.15008544921875,475.8500061035156,299328
2026-08-10T17:15:00Z,475.92498779296875,476.34991455078125,474.6199951171875,475.1000061035156,283961
2026-08-10T17:30:00Z,475.0950012207031,475.45001220703125,474.4599914550781,474.67999267578125,261428
2026-08-10T17:45:00Z,474.6099853515625,475.67999267578125,474.57501220703125,475.5299987792969,267123
2026-08-10T18:00:00Z,475.4800109863281,476.2900085449219,474.80999755859375,475.5150146484375,309519
2026-08-10T18:15:00Z,475.5,475.69989013671875,474.8999938964844,475.1600036621094,235200
2026-08-10T18:30:00Z,475.17498779296875,476.2900085449219,475.0,475.7149963378906,303824
2026-08-10T18:45:00Z,475.67010498046875,475.9985046386719,474.8999938964844,475.6600036621094,327704
2026-08-10T19:00:00Z,475.6600036621094,476.6000061035156,475.05999755859375,475.05999755859375,365233
2026-08-10T19:15:00Z,475.0899963378906,476.3299865722656,474.75,475.6400146484375,430343
2026-08-10T19:30:00Z,475.6449890136719,475.7900085449219,473.6499938964844,473.989990234375,598137
2026-08-10T19:45:00Z,473.9549865722656,474.54998779296875,469.32000732421875,469.3500061035156,2427593
2026-08-11T13:30:00Z,474.739990234375,474.989990234375,463.810302734375,465.8599853515625,2280826
2026-08-11T13:45:00Z,465.7650146484375,467.1705017089844,463.2099914550781,467.125,1043470
2026-08-11T14:00:00Z,467.19000244140625,471.17999267578125,466.8800048828125,468.8500061035156,1046626
2026-08-11T14:15:00Z,468.8800048828125,471.70001220703125,466.5101013183594,468.94500732421875,680430
2026-08-11T14:30:00Z,468.7799987792969,469.260009765625,466.92059326171875,467.5450134277344,465095
2026-08-11T14:45:00Z,467.4100036621094,470.489990234375,467.4100036621094,468.989990234375,511361
2026-08-11T15:00:00Z,468.92999267578125,470.6000061035156,468.52789306640625,470.260009765625,497403
2026-08-11T15:15:00Z,469.92999267578125,470.95001220703125,468.70001220703125,469.0199890136719,429599
2026-08-11T15:30:00Z,469.2099914550781,470.95001220703125,469.0487976074219,470.3450012207031,387587
2026-08-11T15:45:00Z,470.17999267578125,470.3800048828125,467.8999938964844,468.32989501953125,268741
2026-08-11T16:00:00Z,468.17999267578125,468.3594055175781,466.0299987792969,466.2872009277344,311385
2026-08-11T16:15:00Z,466.3999938964844,467.739990234375,466.2799987792969,466.8550109863281,443625
2026-08-11T16:30:00Z,466.82501220703125,467.1700134277344,465.82000732421875,466.6700134277344,299131
2026-08-11T16:45:00Z,466.6000061035156,466.8627014160156,465.82000732421875,466.3949890136719,205285
2026-08-11T17:00:00Z,466.3800048828125,466.6600036621094,465.20001220703125,465.20001220703125,262411
2026-08-11T17:15:00Z,465.1000061035156,466.489501953125,465.1000061035156,466.2799987792969,245438
2026-08-11T17:30:00Z,466.239990234375,468.3900146484375,465.70001220703125,468.1199951171875,297653
2026-08-11T17:45:00Z,468.1449890136719,469.6300048828125,467.9100036621094,469.6300048828125,679606
2026-08-11T18:00:00Z,469.510009765625,471.989990234375,469.1072998046875,471.6499938964844,858451
2026-08-11T18:15:00Z,471.6300048828125,472.6400146484375,470.13958740234375,471.1332092285156,686625
2026-08-11T18:30:00Z,471.260009765625,472.78948974609375,470.8500061035156,471.7550048828125,537064
2026-08-11T18:45:00Z,471.7550048828125,473.8399963378906,471.70928955078125,472.7900085449219,443680
2026-08-11T19:00:00Z,472.8900146484375,473.8699951171875,471.9429016113281,473.5455017089844,463657
2026-08-11T19:15:00Z,473.4949951171875,474.989990234375,473.28338623046875,474.7124938964844,578683
2026-08-11T19:30:00Z,474.80499267578125,475.9800109863281,474.510009765625,474.6604919433594,738055
2026-08-11T19:45:00Z,474.67999267578125,475.2200012207031,473.2900085449219,474.3900146484375,1043718
2026-08-12T13:30:00Z,488.79998779296875,488.79998779296875,480.8800048828125,485.9150085449219,3041032
2026-08-12T13:45:00Z,485.7799987792969,487.7900085449219,483.54998779296875,486.2950134277344,1202883
2026-08-12T14:00:00Z,486.04998779296875,487.94989013671875,485.1700134277344,486.3299865722656,964096
2026-08-12T14:15:00Z,486.4599914550781,491.1556091308594,485.95001220703125,490.7950134277344,1379153
2026-08-12T14:30:00Z,490.9339904785156,491.6899108886719,488.1700134277344,490.9599914550781,965877
2026-08-12T14:45:00Z,491.1300048828125,491.57501220703125,487.07000732421875,487.739990234375,874461
2026-08-12T15:00:00Z,487.7099914550781,490.1499938964844,486.79998779296875,489.6099853515625,469353
2026-08-12T15:15:00Z,489.510009765625,489.7598876953125,488.0,489.0757141113281,320285
2026-08-12T15:30:00Z,489.0848083496094,489.0899963378906,486.5299987792969,486.6600036621094,342141
2026-08-12T15:45:00Z,486.57000732421875,487.2300109863281,486.1000061035156,486.8431091308594,316644
2026-08-12T16:00:00Z,486.95001220703125,487.79998779296875,486.70001220703125,486.7699890136719,266114
2026-08-12T16:15:00Z,486.8699951171875,487.94000244140625,486.1300048828125,487.2149963378906,281359
2026-08-12T16:30:00Z,487.2900085449219,487.5,486.2200012207031,486.9549865722656,237451
2026-08-12T16:45:00Z,486.9599914550781,488.156005859375,486.70001220703125,488.0050964355469,232944
2026-08-12T17:00:00Z,488.0050048828125,488.79998779296875,487.4700927734375,487.489990234375,294832
2026-08-12T17:15:00Z,487.4800109863281,487.489990234375,486.29998779296875,486.75390625,252589
2026-08-12T17:30:00Z,486.6499938964844,488.67999267578125,486.6000061035156,488.6300048828125,299358
2026-08-12T17:45:00Z,488.6600036621094,489.8900146484375,488.3500061035156,489.3599853515625,413443
2026-08-12T18:00:00Z,489.3349914550781,489.3999938964844,486.94000244140625,487.1000061035156,343708
2026-08-12T18:15:00Z,487.114990234375,487.5,486.0202941894531,486.0700988769531,298119
2026-08-12T18:30:00Z,486.0849914550781,487.1400146484375,486.05010986328125,486.489990234375,347062
2026-08-12T18:45:00Z,486.489990234375,486.83990478515625,485.010009765625,485.6050109863281,377259
2026-08-12T19:00:00Z,485.6700134277344,485.8550109863281,484.42010498046875,484.7598876953125,452090
2026-08-12T19:15:00Z,484.635009765625,485.45001220703125,483.1700134277344,484.0150146484375,406881
2026-08-12T19:30:00Z,484.0450134277344,484.0450134277344,481.5899963378906,481.864990234375,498390
2026-08-12T19:45:00Z,481.80999755859375,483.6099853515625,481.0,482.7900085449219,1337969
2026-08-13T13:30:00Z,483.05499267578125,495.5621032714844,481.0,493.70001220703125,2602324
2026-08-13T13:45:00Z,493.4200134277344,496.4590148925781,491.04998779296875,496.0,1301114
2026-08-13T14:00:00Z,495.9200134277344,496.06500244140625,492.760009765625,493.5173034667969,663210
2026-08-13T14:15:00Z,493.55999755859375,495.260009765625,489.0700988769531,494.9898986816406,917525
2026-08-13T14:30:00Z,494.864990234375,496.5799865722656,494.3800048828125,495.1700134277344,673306
2026-08-13T14:45:00Z,495.1017150878906,496.09991455078125,494.2673034667969,494.87139892578125,570705
2026-08-13T15:00:00Z,494.79998779296875,497.9800109863281,493.3299865722656,494.2699890136719,822704
2026-08-13T15:15:00Z,494.2900085449219,497.5,493.3999938964844,496.1000061035156,715718
2026-08-13T15:30:00Z,496.1300048828125,496.31500244140625,491.6700134277344,492.6700134277344,637451
2026-08-13T15:45:00Z,492.5968933105469,492.8153076171875,490.54998779296875,491.7200012207031,500763
2026-08-13T16:00:00Z,491.79998779296875,494.70001220703125,491.5,491.6650085449219,385134
2026-08-13T16:15:00Z,491.6099853515625,493.510009765625,491.04998779296875,493.0150146484375,294330
2026-08-13T16:30:00Z,493.20001220703125,493.80999755859375,491.8100891113281,492.625,253975
2026-08-13T16:45:00Z,492.7049865722656,493.42999267578125,492.25,493.3673095703125,223770
2026-08-13T17:00:00Z,493.3299865722656,494.6499938964844,493.3299865722656,494.07000732421875,724608
2026-08-13T17:15:00Z,494.07000732421875,495.6400146484375,493.6000061035156,494.1199951171875,340067
2026-08-13T17:30:00Z,494.0199890136719,494.6400146484375,493.80010986328125,493.8999938964844,492987
2026-08-13T17:45:00Z,494.0199890136719,494.69000244140625,492.32000732421875,492.3599853515625,254812
2026-08-13T18:00:00Z,492.30999755859375,492.3999938964844,490.1499938964844,490.4849853515625,328167
2026-08-13T18:15:00Z,490.5400085449219,491.0,490.010009765625,490.3977966308594,208159
2026-08-13T18:30:00Z,490.5,491.69989013671875,489.3500061035156,489.56500244140625,637734
2026-08-13T18:45:00Z,489.57000732421875,490.8500061035156,489.4942932128906,490.5799865722656,283282
2026-08-13T19:00:00Z,490.6050109863281,491.3500061035156,487.968505859375,488.0799865722656,367888
2026-08-13T19:15:00Z,487.85101318359375,488.9800109863281,486.54998779296875,487.05999755859375,474157
2026-08-13T19:30:00Z,487.1400146484375,487.4359130859375,485.5199890136719,485.6600036621094,524661
2026-08-13T19:45:00Z,485.5199890136719,486.1000061035156,482.07000732421875,483.0887145996094,1574553
2026-08-14T13:30:00Z,487.6000061035156,496.80999755859375,483.20001220703125,496.2850036621094,2629090
2026-08-14T13:45:00Z,496.1099853515625,501.44000244140625,494.1000061035156,497.7149963378906,2125792
2026-08-14T14:00:00Z,497.57000732421875,504.9200134277344,496.4200134277344,501.9750061035156,1912925
2026-08-14T14:15:00Z,501.9049987792969,505.989990234375,499.7749938964844,505.29998779296875,1452819
2026-08-14T14:30:00Z,505.55999755859375,511.4717102050781,503.29998779296875,506.4150085449219,1655416
2026-08-14T14:45:00Z,506.4200134277344,506.80950927734375,503.5299987792969,503.67999267578125,841336
2026-08-14T15:00:00Z,503.6300048828125,505.8800048828125,503.45001220703125,503.69000244140625,659977
2026-08-14T15:15:00Z,503.6449890136719,504.3999938964844,499.67999267578125,501.05499267578125,752270
2026-08-14T15:30:00Z,501.2213134765625,501.3277893066406,497.1400146484375,498.24969482421875,741814
2026-08-14T15:45:00Z,498.25,499.29998779296875,496.3500061035156,497.7250061035156,590346
2026-08-14T16:00:00Z,497.5849914550781,500.75,497.5,499.6885986328125,581823
2026-08-14T16:15:00Z,499.5614929199219,502.0,499.5400085449219,500.8999938964844,507087
2026-08-14T16:30:00Z,500.9263916015625,501.4794006347656,499.04998779296875,500.45001220703125,332155
2026-08-14T16:45:00Z,500.5799865722656,502.8299865722656,500.27911376953125,502.6000061035156,451247
2026-08-14T17:00:00Z,502.54998779296875,503.8800048828125,502.4200134277344,502.7099914550781,492863
2026-08-14T17:15:00Z,502.6700134277344,503.1199951171875,501.2799987792969,502.8699035644531,336892
2026-08-14T17:30:00Z,502.67999267578125,504.489990234375,502.4400939941406,503.7099914550781,399718
2026-08-14T17:45:00Z,503.6700134277344,506.8598937988281,503.1000061035156,506.4700012207031,591952
2026-08-14T18:00:00Z,506.5,509.4800109863281,506.03009033203125,507.635009765625,857171
2026-08-14T18:15:00Z,507.5,508.27630615234375,507.0199890136719,507.80999755859375,422170
2026-08-14T18:30:00Z,507.8500061035156,508.8799133300781,507.260009765625,508.42999267578125,499489
2026-08-14T18:45:00Z,508.42999267578125,508.6300048828125,507.5400085449219,507.8399963378906,377296
2026-08-14T19:00:00Z,507.6549987792969,508.6700134277344,507.04998779296875,507.7799987792969,514289
2026-08-14T19:15:00Z,507.7200012207031,509.2900085449219,507.6400146484375,508.5050048828125,615987
2026-08-14T19:30:00Z,508.5050048828125,509.54998779296875,508.2300109863281,508.5176086425781,694660
2026-08-14T19:45:00Z,508.3999938964844,514.6300048828125,508.3039855957031,514.3699951171875,2524445
2026-08-17T13:30:00Z,513.8049926757812,515.8681030273438,506.3301086425781,512.344970703125,2949405
2026-08-17T13:45:00Z,511.95989990234375,515.260009765625,510.2300109863281,512.0150146484375,1380476
2026-08-17T14:00:00Z,511.80999755859375,513.0,509.6200866699219,512.72998046875,910113
2026-08-17T14:15:00Z,512.72998046875,512.8499145507812,510.25,512.2750244140625,577363
2026-08-17T14:30:00Z,512.3099975585938,512.3099975585938,509.9599914550781,510.8550109863281,635911
2026-08-17T14:45:00Z,510.8550109863281,514.5700073242188,510.19000244140625,514.25,870761
2026-08-17T15:00:00Z,514.2664184570312,517.2999877929688,513.2999877929688,514.5250244140625,1062322
2026-08-17T15:15:00Z,514.5,515.9400024414062,514.0900268554688,515.8400268554688,526372
2026-08-17T15:30:00Z,515.6599731445312,517.1300048828125,513.0,513.7000122070312,706267
2026-08-17T15:45:00Z,513.5800170898438,515.0,512.4597778320312,513.8499755859375,567641
2026-08-17T16:00:00Z,513.9149780273438,513.9149780273438,510.8500061035156,511.18499755859375,442459
2026-08-17T16:15:00Z,511.2799987792969,511.8900146484375,510.75,511.2149963378906,340268
2026-08-17T16:30:00Z,511.2149963378906,511.34991455078125,510.3299865722656,510.67498779296875,369150
2026-08-17T16:45:00Z,510.6400146484375,511.7900085449219,510.4599914550781,511.20001220703125,324973
2026-08-17T17:00:00Z,511.20001220703125,511.5249938964844,509.8800048828125,510.04998779296875,378728
2026-08-17T17:15:00Z,509.9200134277344,511.0299987792969,508.9200134277344,509.0201110839844,416472
2026-08-17T17:30:00Z,509.3800048828125,510.8349914550781,508.8900146484375,510.6000061035156,346600
2026-08-17T17:45:00Z,510.4450988769531,510.83990478515625,509.3456115722656,509.8399963378906,223579
2026-08-17T18:00:00Z,509.909912109375,510.1929016113281,508.0400085449219,508.614990234375,403358
2026-08-17T18:15:00Z,508.70001220703125,509.70001220703125,507.7200012207031,509.30999755859375,297691
2026-08-17T18:30:00Z,509.06500244140625,510.3800048828125,508.5799865722656,509.9549865722656,291020
2026-08-17T18:45:00Z,509.8299865722656,511.0899963378906,509.7200012207031,510.57000732421875,310910
2026-08-17T19:00:00Z,510.57000732421875,510.739990234375,505.17999267578125,505.24951171875,587100
2026-08-17T19:15:00Z,505.239990234375,506.9999084472656,505.0,505.8450012207031,558202
2026-08-17T19:30:00Z,505.8800048828125,507.69000244140625,505.4800109863281,506.364990234375,518234
2026-08-17T19:45:00Z,506.5899963378906,507.4100036621094,504.5199890136719,506.0899963378906,1546203
2026-08-18T13:30:00Z,487.55999755859375,491.80999755859375,485.25,487.2900085449219,2613315
2026-08-18T13:45:00Z,487.0,487.0,479.739990234375,481.6099853515625,1876234
2026-08-18T14:00:00Z,481.8900146484375,483.989990234375,477.4599914550781,478.3999938964844,1380000
2026-08-18T14:15:00Z,478.3500061035156,482.8800048828125,477.54998779296875,481.5950012207031,869307
2026-08-18T14:30:00Z,481.510009765625,482.7200012207031,478.8500061035156,478.9750061035156,801328
2026-08-18T14:45:00Z,478.9590148925781,479.6264953613281,475.010009765625,476.72021484375,918741
2026-08-18T15:00:00Z,476.6000061035156,478.0,475.0,477.04998779296875,782838
2026-08-18T15:15:00Z,477.1000061035156,479.9200134277344,476.010009765625,479.7099914550781,694741
2026-08-18T15:30:00Z,479.6000061035156,480.8900146484375,478.6200866699219,480.2449951171875,568864
2026-08-18T15:45:00Z,480.389892578125,481.3500061035156,479.1700134277344,480.1499938964844,472752
2026-08-18T16:00:00Z,480.20001220703125,480.6499938964844,478.8800048828125,479.0050048828125,364997
2026-08-18T16:15:00Z,478.99749755859375,479.5899963378906,477.3700866699219,477.6099853515625,375424
2026-08-18T16:30:00Z,477.489990234375,479.2200012207031,477.42999267578125,478.17999267578125,340871
2026-08-18T16:45:00Z,478.20001220703125,479.9778137207031,477.6400146484375,479.55999755859375,360030
2026-08-18T17:00:00Z,479.4549865722656,480.6700134277344,478.6205139160156,479.70001220703125,424939
2026-08-18T17:15:00Z,479.6000061035156,479.7799987792969,478.1650085449219,479.6129150390625,289490
2026-08-18T17:30:00Z,479.510009765625,479.7900085449219,478.2749938964844,479.30499267578125,270444
2026-08-18T17:45:00Z,479.2099914550781,479.45001220703125,476.3999938964844,476.3999938964844,540314
2026-08-18T18:00:00Z,476.45001220703125,477.8999938964844,475.4750061035156,476.7427978515625,427928
2026-08-18T18:15:00Z,476.69000244140625,478.29998779296875,476.69000244140625,478.1499938964844,430573
2026-08-18T18:30:00Z,478.20001220703125,479.8598937988281,477.80010986328125,479.6499938964844,470854
2026-08-18T18:45:00Z,479.6050109863281,480.75,479.2998046875,479.8800048828125,470003
2026-08-18T19:00:00Z,479.80999755859375,480.5498962402344,479.3301086425781,480.44000244140625,425725
2026-08-18T19:15:00Z,480.3699951171875,482.7499084472656,480.0199890136719,481.8699951171875,622137
2026-08-18T19:30:00Z,481.8399963378906,484.25,480.5899963378906,484.010009765625,868679
2026-08-18T19:45:00Z,483.8699951171875,485.239990234375,480.8299865722656,484.67498779296875,1918835
2026-08-19T13:30:00Z,485.54998779296875,487.0050048828125,474.5,476.69000244140625,2382161
2026-08-19T13:45:00Z,476.6400146484375,477.5450134277344,464.1199951171875,468.17999267578125,1577949
2026-08-19T14:00:00Z,468.30999755859375,470.0,462.8999938964844,463.239990234375,1205862
2026-08-19T14:15:00Z,463.25,467.6099853515625,462.6199951171875,467.32000732421875,1133150
2026-08-19T14:30:00Z,467.2550048828125,468.79998779296875,462.54998779296875,467.29998779296875,1069967
2026-08-19T14:45:00Z,467.0400085449219,467.1199951171875,463.3999938964844,466.05999755859375,695970
2026-08-19T15:00:00Z,465.9206848144531,466.739990234375,462.8500061035156,466.56500244140625,729568
2026-08-19T15:15:00Z,466.55999755859375,467.3299865722656,465.0,467.04998779296875,424221
2026-08-19T15:30:00Z,467.0899963378906,467.4100036621094,464.7200012207031,467.409912109375,416694
2026-08-19T15:45:00Z,467.25,467.989990234375,465.67999267578125,467.57000732421875,369499
2026-08-19T16:00:00Z,467.57000732421875,469.45001220703125,466.66009521484375,467.55999755859375,505220
2026-08-19T16:15:00Z,467.510009765625,468.2300109863281,465.8999938964844,466.45001220703125,476198
2026-08-19T16:30:00Z,466.4949951171875,469.2200012207031,465.760009765625,468.5000915527344,331778
2026-08-19T16:45:00Z,468.82501220703125,468.9053039550781,466.9100036621094,467.385009765625,219765
2026-08-19T17:00:00Z,467.25,468.1199951171875,466.05999755859375,466.7099914550781,244080
2026-08-19T17:15:00Z,466.6400146484375,467.2300109863281,465.8699951171875,466.3999938964844,238909
2026-08-19T17:30:00Z,466.6300048828125,466.82501220703125,465.3399963378906,465.739990234375,261748
2026-08-19T17:45:00Z,465.82000732421875,466.71319580078125,465.5400085449219,465.6700134277344,186388
2026-08-19T18:00:00Z,465.6700134277344,466.909912109375,463.7867126464844,464.69000244140625,429596
2026-08-19T18:15:00Z,464.75,465.38360595703125,463.4104919433594,465.3349914550781,306882
2026-08-19T18:30:00Z,465.3450012207031,467.4800109863281,465.1099853515625,466.6300964355469,370317
2026-08-19T18:45:00Z,466.5950012207031,466.9700012207031,465.40008544921875,466.2300109863281,308259
2026-08-19T19:00:00Z,466.0899963378906,467.0849914550781,465.75,466.8599853515625,806170
2026-08-19T19:15:00Z,466.9010009765625,469.09991455078125,466.55010986328125,467.69000244140625,471284
2026-08-19T19:30:00Z,467.7900085449219,468.32000732421875,466.5,466.67498779296875,405919
2026-08-19T19:45:00Z,466.7300109863281,467.7499084472656,465.8428955078125,466.3800048828125,1330586
2026-08-20T13:30:00Z,465.9150085449219,475.5299072265625,465.55499267578125,471.9949951171875,2204465
2026-08-20T13:45:00Z,471.5199890136719,472.5899963378906,464.2799987792969,466.0,924389
2026-08-20T14:00:00Z,466.0899963378906,470.7799987792969,465.0,468.80999755859375,752875
2026-08-20T14:15:00Z,468.7051086425781,470.25,464.5400085449219,466.32000732421875,698824
2026-08-20T14:30:00Z,466.0,469.5,465.8999938964844,469.04998779296875,582637
2026-08-20T14:45:00Z,469.2799987792969,469.3299865722656,465.1400146484375,466.7300109863281,509257
2026-08-20T15:00:00Z,466.80999755859375,468.6719055175781,463.2200012207031,465.6099853515625,615589
2026-08-20T15:15:00Z,465.5,466.2966003417969,463.90008544921875,464.70001220703125,436400
2026-08-20T15:30:00Z,464.5497131347656,464.8550109863281,460.8450012207031,461.0039978027344,529677
2026-08-20T15:45:00Z,460.92620849609375,464.239990234375,460.5,464.0,427074
2026-08-20T16:00:00Z,463.989990234375,464.3500061035156,462.260009765625,462.55999755859375,283236
2026-08-20T16:15:00Z,462.4150085449219,464.7200012207031,462.3948059082031,463.8949890136719,309423
2026-08-20T16:30:00Z,463.80999755859375,464.4599914550781,462.70001220703125,464.17999267578125,255533
2026-08-20T16:45:00Z,464.2850036621094,464.6600036621094,463.1029052734375,464.4100036621094,232458
2026-08-20T17:00:00Z,464.3500061035156,464.3971862792969,463.19000244140625,463.375,230292
2026-08-20T17:15:00Z,463.42999267578125,464.3348083496094,462.0000915527344,464.010009765625,322042
2026-08-20T17:30:00Z,464.0050048828125,464.3800048828125,463.1310119628906,463.79998779296875,167958
2026-08-20T17:45:00Z,463.70001220703125,464.760009765625,463.60430908203125,463.9549865722656,169009
2026-08-20T18:00:00Z,463.79998779296875,464.0690002441406,461.69000244140625,462.1549987792969,241987
2026-08-20T18:15:00Z,462.0299987792969,462.67999267578125,461.41009521484375,462.18499755859375,277381
2026-08-20T18:30:00Z,462.1000061035156,462.3500061035156,461.1300048828125,461.4649963378906,239673
2026-08-20T18:45:00Z,461.32000732421875,463.7799987792969,461.30010986328125,463.3999938964844,368507
2026-08-20T19:00:00Z,463.489990234375,465.32000732421875,463.3699951171875,464.510009765625,486227
2026-08-20T19:15:00Z,464.340087890625,466.2398986816406,464.32501220703125,466.1050109863281,386180
2026-08-20T19:30:00Z,466.1000061035156,467.1199951171875,465.2200012207031,466.8999938964844,444054
2026-08-20T19:45:00Z,466.8299865722656,469.7695007324219,465.92999267578125,469.32000732421875,1207199
2026-08-21T13:30:00Z,476.6700134277344,477.32000732421875,468.1075134277344,472.0150146484375,2151311
2026-08-21T13:45:00Z,471.94000244140625,474.69989013671875,468.260009765625,470.3900146484375,650246
2026-08-21T14:00:00Z,470.45001220703125,470.9999084472656,464.79998779296875,465.3299865722656,770484
2026-08-21T14:15:00Z,465.0299987792969,467.739990234375,462.1109924316406,466.4599914550781,763903
2026-08-21T14:30:00Z,466.3800048828125,467.79998779296875,465.0,466.1700134277344,265355
2026-08-21T14:45:00Z,466.3599853515625,467.07000732421875,463.80010986328125,464.8900146484375,332991
2026-08-21T15:00:00Z,464.8146057128906,468.3299865722656,464.29010009765625,468.19000244140625,863609
2026-08-21T15:15:00Z,468.2099914550781,468.69000244140625,466.52099609375,468.0350036621094,347612
2026-08-21T15:30:00Z,467.94000244140625,471.0299072265625,467.70001220703125,470.0098876953125,452407
2026-08-21T15:45:00Z,469.9518127441406,471.1400146484375,468.8197021484375,469.0350036621094,320112
2026-08-21T16:00:00Z,469.0400085449219,469.5299987792969,468.1000061035156,468.2149963378906,231261
2026-08-21T16:15:00Z,468.2149963378906,471.17498779296875,468.0799865722656,469.95001220703125,247541
2026-08-21T16:30:00Z,470.0,470.70001220703125,469.0392150878906,470.25,178701
2026-08-21T16:45:00Z,470.07000732421875,470.44000244140625,468.94000244140625,469.5299987792969,205869
2026-08-21T17:00:00Z,469.5400085449219,470.4599914550781,469.5,469.94000244140625,160620
2026-08-21T17:15:00Z,469.94000244140625,470.2799987792969,468.67999267578125,469.4413146972656,173243
2026-08-21T17:30:00Z,469.5899963378906,470.9100036621094,469.4599914550781,470.54998779296875,226362
2026-08-21T17:45:00Z,470.6000061035156,471.84991455078125,470.2699890136719,471.57000732421875,1592408
2026-08-21T18:00:00Z,471.5249938964844,472.4100036621094,471.0184020996094,471.1050109863281,417025
2026-08-21T18:15:00Z,471.1300048828125,472.32000732421875,470.9100036621094,470.9649963378906,273704
2026-08-21T18:30:00Z,470.8699951171875,471.4198913574219,470.57000732421875,471.3699035644531,221852
2026-08-21T18:45:00Z,471.2200927734375,472.6000061035156,471.2200927734375,472.4800109863281,229444
2026-08-21T19:00:00Z,472.4200134277344,473.0,472.010009765625,472.2699890136719,177029
2026-08-21T19:15:00Z,472.2749938964844,472.6000061035156,471.1499938964844,471.29998779296875,292787
2026-08-21T19:30:00Z,471.42999267578125,472.2998962402344,470.30010986328125,470.5,369402
2026-08-21T19:45:00Z,470.45001220703125,474.0400085449219,470.05010986328125,472.75,1350244
2026-08-24T13:30:00Z,467.9750061035156,468.1400146484375,455.30999755859375,455.8900146484375,2097034
2026-08-24T13:45:00Z,455.94000244140625,458.3599853515625,452.54998779296875,454.70001220703125,976488
2026-08-24T14:00:00Z,454.1099853515625,454.5220031738281,451.17999267578125,454.20001220703125,786155
2026-08-24T14:15:00Z,454.30999755859375,456.1499938964844,452.95001220703125,455.6532897949219,555645
2026-08-24T14:30:00Z,455.5,458.75,455.4750061035156,456.7300109863281,523621
2026-08-24T14:45:00Z,456.7596130371094,457.9100036621094,456.1199951171875,456.4599914550781,288433
2026-08-24T15:00:00Z,456.4599914550781,457.20989990234375,455.2799987792969,456.0350036621094,346052
2026-08-24T15:15:00Z,456.1400146484375,459.20001220703125,455.989990234375,458.75,364484
2026-08-24T15:30:00Z,458.94000244140625,461.95001220703125,458.6310119628906,461.364013671875,662293
2026-08-24T15:45:00Z,461.5199890136719,463.1199951171875,459.5799865722656,460.7200012207031,443191
2026-08-24T16:00:00Z,460.7200012207031,461.29449462890625,458.3190002441406,459.79998779296875,522949
2026-08-24T16:15:00Z,459.79998779296875,461.6698913574219,459.7799987792969,460.3800048828125,353419
2026-08-24T16:30:00Z,460.42999267578125,460.8999938964844,459.1199951171875,459.6600036621094,216365
2026-08-24T16:45:00Z,459.6700134277344,459.8900146484375,458.90008544921875,459.2749938964844,163434
2026-08-24T17:00:00Z,459.3399963378906,460.889892578125,458.8399963378906,460.54998779296875,238829
2026-08-24T17:15:00Z,460.4849853515625,460.4849853515625,458.260009765625,458.57000732421875,249450
2026-08-24T17:30:00Z,458.55999755859375,458.5899963378906,457.3599853515625,457.6000061035156,201214
2026-08-24T17:45:00Z,457.6400146484375,457.7799987792969,456.8900146484375,457.3699951171875,233867
2026-08-24T18:00:00Z,457.45001220703125,458.8900146484375,457.3599853515625,458.6000061035156,232672
2026-08-24T18:15:00Z,458.78131103515625,459.75,457.80999755859375,458.5249938964844,264451
2026-08-24T18:30:00Z,458.4549865722656,459.5,458.1000061035156,458.8599853515625,257916
2026-08-24T18:45:00Z,458.8800048828125,458.94989013671875,457.4700012207031,457.6000061035156,226423
2026-08-24T19:00:00Z,457.5799865722656,458.1199951171875,456.7300109863281,456.9200134277344,267115
2026-08-24T19:15:00Z,456.8999938964844,456.94000244140625,456.0899963378906,456.70001220703125,347471
2026-08-24T19:30:00Z,456.69000244140625,457.3699951171875,455.2900085449219,456.3804931640625,435384
2026-08-24T19:45:00Z,456.45001220703125,457.1700134277344,455.385009765625,456.7607116699219,1220340
2026-08-25T13:30:00Z,474.6000061035156,478.1199951171875,469.07000732421875,473.510009765625,3300650
2026-08-25T13:45:00Z,473.6499938964844,478.75,471.95001220703125,474.6499938964844,1425863
2026-08-25T14:00:00Z,474.7200012207031,475.9100036621094,472.6300964355469,473.1387023925781,704647
2026-08-25T14:15:00Z,473.16558837890625,474.7398986816406,470.752197265625,473.20001220703125,648687
2026-08-25T14:30:00Z,473.25,477.6400146484375,470.6600036621094,473.8500061035156,1011597
2026-08-25T14:45:00Z,473.67999267578125,478.70989990234375,473.5,478.42498779296875,746876
2026-08-25T15:00:00Z,478.4999084472656,479.9700012207031,477.5899963378906,478.44500732421875,783509
2026-08-25T15:15:00Z,478.32000732421875,480.80999755859375,477.5400085449219,479.5899963378906,680335
2026-08-25T15:30:00Z,479.5899963378906,479.9200134277344,476.0799865722656,476.4270935058594,551101
2026-08-25T15:45:00Z,476.32000732421875,477.54998779296875,475.2500915527344,477.4200134277344,409358
2026-08-25T16:00:00Z,477.4599914550781,479.8900146484375,477.19000244140625,479.4800109863281,456214
2026-08-25T16:15:00Z,479.71990966796875,480.29998779296875,477.4599914550781,478.20001220703125,409357
2026-08-25T16:30:00Z,478.260009765625,478.44000244140625,476.30999755859375,476.54998779296875,232704
2026-08-25T16:45:00Z,476.6199951171875,477.5799865722656,475.8800048828125,476.6700134277344,279119
2026-08-25T17:00:00Z,476.6600036621094,477.20001220703125,475.8992004394531,476.5199890136719,266196
2026-08-25T17:15:00Z,476.6050109863281,477.07000732421875,476.17999267578125,476.5400085449219,176361
2026-08-25T17:30:00Z,476.4599914550781,477.17999267578125,476.20001220703125,476.69000244140625,215691
2026-08-25T17:45:00Z,476.739990234375,478.5299987792969,476.25,478.07000732421875,391964
2026-08-25T18:00:00Z,478.0400085449219,478.1449890136719,456.7449951171875,477.45001220703125,269065
2026-08-25T18:15:00Z,477.4700012207031,479.3500061035156,477.4700012207031,478.7200927734375,401639
2026-08-25T18:30:00Z,478.8699951171875,480.95001220703125,478.8699951171875,480.760009765625,725349
2026-08-25T18:45:00Z,480.7200012207031,481.5,480.10009765625,480.643310546875,490565
2026-08-25T19:00:00Z,480.6300048828125,480.9599914550781,479.6260986328125,480.30010986328125,448871
2026-08-25T19:15:00Z,480.3900146484375,480.7900085449219,479.0299987792969,479.94000244140625,419400
2026-08-25T19:30:00Z,479.94000244140625,480.1600036621094,479.04998779296875,479.0899963378906,474083
2026-08-25T19:45:00Z,479.19000244140625,480.3699951171875,477.9700012207031,479.25,1265195
2026-08-26T13:30:00Z,475.0400085449219,488.5199890136719,474.5799865722656,487.0,2271567
2026-08-26T13:45:00Z,486.7900085449219,491.1199951171875,486.1000061035156,490.2699890136719,1402626
2026-08-26T14:00:00Z,489.9800109863281,490.95001220703125,482.1200866699219,483.37701416015625,962459
2026-08-26T14:15:00Z,483.0899963378906,483.5487060546875,480.9700927734375,483.05999755859375,665510
2026-08-26T14:30:00Z,483.27020263671875,485.8399963378906,483.0700988769531,485.3999938964844,590862
2026-08-26T14:45:00Z,485.3999938964844,486.2099914550781,483.6000061035156,484.5,437872
2026-08-26T15:00:00Z,484.44000244140625,484.7300109863281,482.0600891113281,482.6000061035156,370596
2026-08-26T15:15:00Z,482.57000732421875,484.9800109863281,482.0799865722656,484.30999755859375,290266
2026-08-26T15:30:00Z,484.2900085449219,485.4898986816406,483.35009765625,485.2698974609375,312183
2026-08-26T15:45:00Z,485.19989013671875,485.9599914550781,483.44000244140625,483.69500732421875,292456
2026-08-26T16:00:00Z,483.4248962402344,483.7699890136719,482.42999267578125,482.6000061035156,228534
2026-08-26T16:15:00Z,482.6000061035156,483.3500061035156,482.1499938964844,482.5599060058594,291037
2026-08-26T16:30:00Z,482.5599060058594,483.08990478515625,481.0400085449219,481.2550048828125,210949
2026-08-26T16:45:00Z,481.2749938964844,482.9200134277344,481.1300048828125,482.5400085449219,228970
2026-08-26T17:00:00Z,482.5350036621094,482.9800109863281,481.8299865722656,482.2015075683594,138298
2026-08-26T17:15:00Z,482.3500061035156,483.6000061035156,481.8299865722656,483.4339904785156,244051
2026-08-26T17:30:00Z,483.42999267578125,484.3500061035156,483.2807922363281,483.8699951171875,206446
2026-08-26T17:45:00Z,483.8500061035156,484.1499938964844,482.8500061035156,483.4111022949219,220567
2026-08-26T18:00:00Z,483.239990234375,483.3949890136719,481.2099914550781,481.5350036621094,332586
2026-08-26T18:15:00Z,481.5400085449219,481.5400085449219,480.6499938964844,480.8399963378906,285970
2026-08-26T18:30:00Z,480.8550109863281,482.17919921875,480.75,481.9100036621094,276569
2026-08-26T18:45:00Z,481.9100036621094,482.7799987792969,481.5,481.8999938964844,265790
2026-08-26T19:00:00Z,481.8299865722656,483.7749938964844,481.7099914550781,482.4599914550781,301924
2026-08-26T19:15:00Z,482.375,484.2300109863281,482.375,482.4200134277344,358380
2026-08-26T19:30:00Z,482.4460144042969,482.45001220703125,479.57000732421875,479.7049865722656,485551
2026-08-26T19:45:00Z,479.6099853515625,481.25,478.9100036621094,481.010009765625,930528
2026-08-27T13:30:00Z,482.0,483.0,472.2200012207031,480.0199890136719,2727524
2026-08-27T13:45:00Z,480.2200012207031,481.8999938964844,472.2601013183594,473.5,1266861
2026-08-27T14:00:00Z,473.8500061035156,478.4798889160156,473.2749938964844,477.5,800704
2026-08-27T14:15:00Z,477.3550109863281,478.8599853515625,475.010009765625,478.55999755859375,746702
2026-08-27T14:30:00Z,478.7398986816406,479.119384765625,474.25,474.67999267578125,490214
2026-08-27T14:45:00Z,474.7900085449219,477.59991455078125,473.8800048828125,476.9999084472656,474996
2026-08-27T15:00:00Z,476.9198913574219,479.82000732421875,476.6000061035156,478.4150085449219,423811
2026-08-27T15:15:00Z,478.4599914550781,478.4750061035156,474.85009765625,475.1423034667969,357283
2026-08-27T15:30:00Z,475.21990966796875,475.7799072265625,472.67999267578125,472.8500061035156,432406
2026-08-27T15:45:00Z,472.760009765625,474.7499084472656,471.5,474.04998779296875,485378
2026-08-27T16:00:00Z,474.2099914550781,475.489990234375,472.5950012207031,472.7099914550781,310560
2026-08-27T16:15:00Z,472.7099914550781,473.2650146484375,471.010009765625,472.0950012207031,495840
2026-08-27T16:30:00Z,472.20001220703125,474.20001220703125,472.0,473.82000732421875,279320
2026-08-27T16:45:00Z,473.9800109863281,474.681884765625,473.510009765625,474.20001220703125,248425
2026-08-27T17:00:00Z,474.2698974609375,474.6300048828125,473.8399963378906,474.4800109863281,179928
2026-08-27T17:15:00Z,474.4750061035156,476.25,474.30999755859375,474.489990234375,360060
2026-08-27T17:30:00Z,474.5,475.1400146484375,473.36199951171875,473.3760986328125,223654
2026-08-27T17:45:00Z,473.4599914550781,473.989990234375,472.5899963378906,472.93499755859375,251701
2026-08-27T18:00:00Z,472.8999938964844,473.394287109375,471.1499938964844,472.0,313608
2026-08-27T18:15:00Z,472.07000732421875,472.4800109863281,469.697509765625,470.3599853515625,404496
2026-08-27T18:30:00Z,470.3599853515625,472.0,470.285400390625,471.7959899902344,275341
2026-08-27T18:45:00Z,471.760009765625,471.9382019042969,470.7799987792969,471.4960021972656,230615
2026-08-27T19:00:00Z,471.489990234375,471.6400146484375,470.17999267578125,471.25,309916
2026-08-27T19:15:00Z,471.29998779296875,473.2099914550781,471.20001220703125,472.67999267578125,480400
2026-08-27T19:30:00Z,472.510009765625,474.05999755859375,472.04998779296875,473.6600036621094,449774
2026-08-27T19:45:00Z,473.5899963378906,477.07000732421875,473.2099914550781,477.0,1470402
2026-08-28T13:30:00Z,472.5199890136719,476.54998779296875,469.79998779296875,473.18499755859375,1516816
2026-08-28T13:45:00Z,473.18499755859375,476.5899963378906,472.55999755859375,474.67999267578125,701404
2026-08-28T14:00:00Z,475.0199890136719,476.7898864746094,471.0,471.9599914550781,707835
2026-08-28T14:15:00Z,472.260009765625,476.80999755859375,472.260009765625,475.7699890136719,562947
2026-08-28T14:30:00Z,475.7699890136719,477.84368896484375,474.7200927734375,476.3599853515625,471659
2026-08-28T14:45:00Z,476.1600036621094,478.55999755859375,475.8699951171875,478.2850036621094,435701
2026-08-28T15:00:00Z,478.30999755859375,478.75,475.16009521484375,475.9200134277344,362373
2026-08-28T15:15:00Z,475.8500061035156,476.29998779296875,473.75,475.0400085449219,433681
2026-08-28T15:30:00Z,475.0249938964844,475.1499938964844,471.29998779296875,471.510009765625,418078
2026-08-28T15:45:00Z,471.51519775390625,471.79998779296875,467.2300109863281,467.69500732421875,646732
2026-08-28T16:00:00Z,467.6449890136719,469.7475891113281,465.4700012207031,468.3900146484375,527722
2026-08-28T16:15:00Z,468.1499938964844,469.1604919433594,467.0,468.760009765625,347462
2026-08-28T16:30:00Z,468.68499755859375,469.1000061035156,466.92999267578125,468.1499938964844,343982
2026-08-28T16:45:00Z,468.2099914550781,472.3399963378906,468.1600036621094,471.81500244140625,484946
2026-08-28T17:00:00Z,471.8450012207031,471.92999267578125,469.15008544921875,471.68499755859375,348641
2026-08-28T17:15:00Z,471.7699890136719,472.0050048828125,470.2699890136719,470.989990234375,191568
2026-08-28T17:30:00Z,470.9649963378906,472.0,470.77459716796875,471.5350036621094,160650
2026-08-28T17:45:00Z,471.5299987792969,473.45001220703125,471.29998779296875,471.3999938964844,320945
2026-08-28T18:00:00Z,471.54998779296875,471.8622131347656,470.10009765625,470.18499755859375,240032
2026-08-28T18:15:00Z,470.260009765625,470.8599853515625,469.6000061035156,469.70001220703125,498838
2026-08-28T18:30:00Z,469.69000244140625,470.6127014160156,469.42498779296875,470.19000244140625,199794
2026-08-28T18:45:00Z,470.3042907714844,470.3500061035156,468.5899963378906,468.9200134277344,213329
2026-08-28T19:00:00Z,468.9150085449219,469.8500061035156,467.54998779296875,468.69000244140625,314742
2026-08-28T19:15:00Z,468.760009765625,469.9700012207031,468.17999267578125,469.80499267578125,278398
2026-08-28T19:30:00Z,469.8399963378906,469.9399108886719,468.57501220703125,469.7699890136719,352430
2026-08-28T19:45:00Z,469.7300109863281,470.70989990234375,465.2900085449219,465.6000061035156,1646569
2026-08-31T13:30:00Z,466.2200012207031,475.8099060058594,463.8800048828125,468.95001220703125,1702381
2026-08-31T13:45:00Z,468.8999938964844,471.75,468.5799865722656,471.2300109863281,737965
2026-08-31T14:00:00Z,471.05999755859375,473.9150085449219,468.20001220703125,469.8550109863281,817597
2026-08-31T14:15:00Z,469.7200012207031,471.1199035644531,467.590087890625,467.9049987792969,524522
2026-08-31T14:30:00Z,467.9049987792969,470.0400085449219,467.25,468.6300964355469,439624
2026-08-31T14:45:00Z,468.97900390625,469.54998779296875,467.760009765625,468.6000061035156,283721
2026-08-31T15:00:00Z,468.6700134277344,469.3599853515625,466.1000061035156,467.0,285072
2026-08-31T15:15:00Z,467.0098876953125,468.25,466.239990234375,467.5087890625,270487
2026-08-31T15:30:00Z,467.3800048828125,467.79998779296875,465.7099914550781,466.3800048828125,312373
2026-08-31T15:45:00Z,466.30999755859375,466.7699890136719,465.5,465.9100036621094,196078
2026-08-31T16:00:00Z,465.9100036621094,466.42999267578125,465.19000244140625,466.4100036621094,262486
2026-08-31T16:15:00Z,466.3699951171875,467.7799987792969,465.92999267578125,467.7799987792969,220573
2026-08-31T16:30:00Z,467.80999755859375,468.5,467.2650146484375,468.0299987792969,193827
2026-08-31T16:45:00Z,467.9700012207031,469.3299865722656,467.67010498046875,469.1802978515625,271502
2026-08-31T17:00:00Z,469.28961181640625,469.6199951171875,468.3900146484375,468.489990234375,239618
2026-08-31T17:15:00Z,468.489990234375,468.6099853515625,467.54400634765625,467.75,135869
2026-08-31T17:30:00Z,467.7650146484375,468.69000244140625,466.99200439453125,468.54998779296875,187202
2026-08-31T17:45:00Z,468.510009765625,469.1700134277344,468.20001220703125,468.45001220703125,179791
2026-08-31T18:00:00Z,468.3299865722656,469.3500061035156,468.3299865722656,468.864990234375,161396
2026-08-31T18:15:00Z,468.8699951171875,469.67999267578125,468.54998779296875,468.7850036621094,213729
2026-08-31T18:30:00Z,468.82501220703125,468.989990234375,466.79998779296875,467.54998779296875,195465
2026-08-31T18:45:00Z,467.5899963378906,468.0199890136719,467.1600036621094,467.4100036621094,202351
2026-08-31T19:00:00Z,467.489990234375,467.96990966796875,467.1400146484375,467.5,167143
2026-08-31T19:15:00Z,467.55499267578125,469.1199951171875,467.3800048828125,468.45001220703125,263071
2026-08-31T19:30:00Z,468.45001220703125,469.6000061035156,468.17999267578125,469.260009765625,285769
2026-08-31T19:45:00Z,469.2200012207031,471.79998779296875,468.5450134277344,469.95001220703125,1118976
2026-08-31T20:00:00Z,470.7200012207031,470.7200012207031,470.7200012207031,470.7200012207031,0
